icpsr_id,gender,congress,art_count
29547,M,104,13
29746,M,105,4
29746,M,106,3
29746,M,107,2
29746,M,108,3
29746,M,109,1
29746,M,110,4
29746,M,111,6
29746,M,112,17
29531,F,104,7
29531,F,105,3
29531,F,106,6
29531,F,107,10
29518,M,104,38
29518,M,105,46
29518,M,106,19
29388,M,104,18
29388,M,103,9
14664,M,102,19
14664,M,103,41
14664,M,104,22
14664,M,105,23
14664,M,106,14
14664,M,107,17
14664,M,108,21
14823,M,104,0
14823,M,105,0
14823,M,102,0
14823,M,103,0
29584,F,104,6
29584,F,105,7
29584,F,106,8
29584,F,107,4
29584,F,108,4
29584,F,109,11
29584,F,110,5
29552,M,104,2
29552,M,105,1
29552,M,106,1
29552,M,107,2
29552,M,108,5
29552,M,109,0
21131,M,112,6
29300,M,103,2
29300,M,104,1
29300,M,105,10
29300,M,106,3
29300,M,107,2
29300,M,108,1
29300,M,109,2
29300,M,110,2
29328,F,103,3
29328,F,104,3
29328,F,105,8
29328,F,106,9
29328,F,107,6
29328,F,108,2
29328,F,109,3
29328,F,110,8
29328,F,111,3
29328,F,112,8
14404,,102,0
20714,M,110,10
29356,M,103,3
29356,M,104,3
29356,M,105,9
29356,M,106,4
29356,M,107,3
29356,M,108,5
29356,M,109,9
29356,M,110,5
29356,M,111,3
29356,M,112,20
29717,M,105,6
29717,M,106,9
29717,M,107,5
29717,M,108,10
29717,M,109,5
29717,M,110,8
29717,M,111,43
29717,M,112,23
10573,M,104,28
10573,M,105,34
10573,M,106,32
10573,M,102,33
10573,M,103,34
29514,F,104,0
29514,F,105,0
29514,F,106,6
10757,F,102,7
10757,F,103,4
10757,F,104,6
10757,F,105,7
10757,F,106,3
10757,F,107,18
14257,M,104,12
14257,M,102,14
14257,M,103,21
29366,M,104,3
29366,M,105,9
29366,M,106,8
29366,M,103,9
29571,M,104,12
29571,M,105,6
29571,M,106,18
29571,M,107,23
29571,M,108,19
29571,M,109,7
29571,M,110,13
29571,M,111,16
29571,M,112,25
14219,M,102,1
14219,M,103,9
29748,M,105,10
29748,M,106,16
29748,M,107,10
29748,M,108,311
29748,M,109,25
29748,M,110,358
29748,M,111,97
29748,M,112,86
15075,M,104,3
15075,M,102,3
15075,M,103,10
14435,M,102,75
14435,M,103,104
14435,M,104,54
14435,M,105,34
14435,M,106,26
14435,M,107,67
14435,M,108,50
14435,M,109,72
14435,M,110,76
14435,M,111,152
14435,M,112,114
29106,F,102,41
29106,F,103,41
29106,F,104,14
29106,F,105,68
29106,F,106,20
29106,F,107,16
29106,F,108,4
29106,F,109,28
29106,F,110,34
29106,F,111,93
29106,F,112,61
39312,F,103,3
39312,F,104,17
39312,F,105,33
39312,F,106,37
39312,F,107,17
39312,F,108,11
29534,M,104,15
29534,M,105,4
29534,M,106,2
29534,M,107,0
29534,M,108,3
29534,M,109,2
29534,M,110,32
29332,M,104,34
29332,M,105,66
29332,M,106,34
29332,M,103,2
29351,M,103,4
29757,M,105,3
29757,M,106,8
29757,M,107,4
29757,M,108,6
15601,M,102,21
15601,M,103,2
15601,M,104,7
15601,M,105,23
15601,M,106,42
15601,M,107,1
15601,M,108,4
15601,M,109,12
14601,,102,9
10703,M,102,20
29371,M,104,23
29371,M,105,27
29371,M,106,190
29371,M,103,4
15609,M,104,3
15609,M,102,7
15609,M,103,16
20122,F,107,1
20122,F,108,4
20122,F,109,3
20122,F,110,4
20122,F,111,1
20122,F,112,11
14869,M,102,9
14869,M,103,13
14869,M,104,24
14869,M,105,27
14869,M,106,18
14869,M,107,9
14869,M,108,18
14869,M,109,17
14869,M,110,13
14869,M,111,10
14869,M,112,24
14840,M,102,32
29767,M,105,6
29767,M,106,15
14051,F,104,62
14051,F,102,83
14051,F,103,49
29529,M,104,10
29529,M,105,7
29529,M,106,4
29529,M,107,32
14273,M,102,1
29909,M,106,8
29909,M,107,2
29909,M,108,14
14858,M,104,209
14858,M,105,555
14858,M,102,224
14858,M,103,289
20129,M,107,29
20129,M,108,34
20129,M,109,33
20129,M,110,41
20129,M,111,71
20129,M,112,108
39308,M,103,2
39308,M,104,3
39308,M,105,7
39308,M,106,9
39308,M,107,5
39308,M,108,3
39308,M,109,2
39308,M,110,3
39308,M,111,6
39308,M,112,15
21191,M,112,2
29367,M,103,12
21170,M,112,2
29779,F,105,17
29779,F,106,13
29779,F,107,10
29779,F,108,20
29779,F,109,48
29779,F,110,48
15072,M,102,70
15072,M,103,28
15072,M,104,14
15072,M,105,54
15072,M,106,28
15072,M,107,12
15072,M,108,24
15072,M,109,28
15072,M,110,44
15072,M,111,127
15072,M,112,33
10788,M,102,11
29567,M,104,18
29567,M,105,25
29567,M,106,11
29567,M,107,13
29567,M,108,7
29567,M,109,10
29567,M,110,17
29567,M,111,9
20941,F,112,4
20941,F,111,3
14822,M,104,43
14822,M,102,3
14822,M,103,17
29314,M,103,82
39315,M,104,10
39315,M,105,20
39315,M,106,11
39315,M,107,8
39315,M,103,9
14414,M,104,123
14414,M,102,29
14414,M,103,21
14812,M,102,16
12035,,102,3
21141,M,112,15
21110,F,112,5
21180,F,112,12
21132,M,112,7
21193,M,112,8
21199,M,112,59
21198,F,112,2
14451,M,102,3
14451,M,103,6
14451,M,104,8
14451,M,105,9
14451,M,106,9
14451,M,107,17
14451,M,108,18
14451,M,109,24
14451,M,110,39
14451,M,111,70
15442,M,102,8
15442,M,103,9
15442,M,104,18
15442,M,105,25
15442,M,106,1
15442,M,107,0
14861,M,102,1
14861,M,103,1
14861,M,104,5
14861,M,105,5
14861,M,106,6
14861,M,107,5
14015,M,102,12
14015,M,103,30
14015,M,104,61
14015,M,105,77
14015,M,106,73
14015,M,107,36
29763,M,105,3
29763,M,106,4
29763,M,107,1
29763,M,108,2
29763,M,109,1
29763,M,110,2
29763,M,111,3
29763,M,112,6
14251,F,102,4
14251,F,103,1
14621,,102,5
29392,M,103,7
29392,M,104,38
29392,M,105,23
29392,M,106,11
29392,M,107,12
29392,M,108,6
29392,M,109,6
29903,F,106,2
29903,F,107,0
29903,F,108,1
29903,F,109,3
29903,F,110,1
29903,F,111,0
29903,F,112,3
14443,F,102,29
29772,M,105,23
29734,M,105,1
29734,M,106,1
29734,M,107,77
29734,M,108,40
29734,M,109,6
29734,M,110,7
14265,M,102,8
14265,M,103,23
14265,M,104,11
14265,M,105,10
14265,M,106,7
14265,M,107,19
14265,M,108,11
14265,M,109,11
14265,M,110,45
14265,M,111,32
12036,M,102,51
12036,M,103,43
12036,M,104,41
12036,M,105,48
12036,M,106,41
12036,M,107,59
12036,M,108,48
12036,M,109,37
12036,M,110,52
12036,M,111,88
14842,M,104,57
14842,M,105,62
14842,M,106,91
14842,M,102,14
14842,M,103,22
29134,M,102,59
29134,M,103,52
29134,M,104,32
29134,M,105,47
29134,M,106,52
29134,M,107,54
29134,M,108,50
29134,M,109,40
29134,M,110,66
29134,M,111,65
29134,M,112,15
20757,M,112,10
20757,M,110,5
20757,M,111,9
14075,,102,0
20949,M,112,85
20949,M,111,28
20906,M,112,17
20906,M,111,3
20952,M,112,16
20952,M,111,25
15630,M,102,0
15630,M,103,3
15630,M,104,8
15630,M,105,2
15630,M,106,4
15630,M,107,12
15630,M,108,11
15630,M,109,11
15630,M,110,2
29725,F,105,15
29725,F,106,13
29725,F,107,16
29725,F,108,7
29725,F,109,8
29716,M,105,5
29716,M,106,11
29716,M,107,25
14262,M,102,23
14262,M,103,14
29758,M,105,9
29758,M,106,4
29758,M,107,13
29758,M,108,9
15618,M,104,45
15618,M,105,71
15618,M,102,11
15618,M,103,22
15454,M,102,50
15454,M,103,15
15454,M,104,33
15454,M,105,22
15454,M,106,64
15454,M,107,21
15454,M,108,13
15454,M,109,43
15454,M,110,32
15454,M,111,21
15454,M,112,20
15070,M,104,365
15070,M,105,208
15070,M,102,61
15070,M,103,84
14635,,102,14
29538,M,104,8
29538,M,105,11
29538,M,106,11
29538,M,107,7
29538,M,108,9
29538,M,109,29
29538,M,112,22
29555,M,104,12
29555,M,105,25
29555,M,106,50
29502,M,104,0
29502,M,105,0
29502,M,106,0
29502,M,107,0
29502,M,108,0
29502,M,109,0
29383,M,103,15
29383,M,104,11
29383,M,105,26
29383,M,106,10
29383,M,107,5
29383,M,108,6
29383,M,109,9
29383,M,110,4
29383,M,111,16
29383,M,112,9
14667,M,102,2
14667,M,103,1
15631,M,102,8
15631,M,103,7
15438,M,102,5
15438,M,103,9
15438,M,105,11
15438,M,106,14
15438,M,107,7
15438,M,108,17
15438,M,109,12
15438,M,110,74
15438,M,111,105
15438,M,112,179
29941,M,106,221
29941,M,107,641
29941,M,108,78
29941,M,109,274
29943,M,106,5
29943,M,107,3
29943,M,108,5
29943,M,109,6
29943,M,110,1
29943,M,111,1
29943,M,112,11
20128,M,107,34
20124,M,107,3
20124,M,108,3
20124,M,109,2
20124,M,110,7
20124,M,111,12
20124,M,112,20
20345,M,112,4
20345,M,108,7
20345,M,109,18
20345,M,110,6
20345,M,111,5
20336,M,112,45
20336,M,108,2
20336,M,109,16
20336,M,110,31
20336,M,111,25
15406,M,104,42
15406,M,105,40
15406,M,102,27
15406,M,103,20
29124,M,102,0
29124,M,103,3
29124,M,104,6
29124,M,105,5
29124,M,106,4
29124,M,107,2
29124,M,108,5
29124,M,109,3
29124,M,110,6
29124,M,111,58
29124,M,112,115
15084,M,102,1
15068,M,102,0
20758,M,112,2
20758,M,110,3
20758,M,111,2
20343,M,112,40
20343,M,108,10
20343,M,109,10
20343,M,110,23
20343,M,111,24
20728,F,112,1226
20728,F,110,16
20728,F,111,133
29523,M,104,34
20743,M,112,11
20743,M,110,14
20743,M,111,35
29519,M,104,12
29519,M,105,22
29519,M,106,12
29519,M,107,8
29519,M,108,9
29519,M,109,20
29519,M,110,18
29519,M,111,26
20523,M,112,21
20523,M,109,4
20523,M,110,9
20523,M,111,9
29933,M,106,7
29933,M,107,1
29933,M,108,1
29933,M,109,0
29920,M,106,7
29920,M,107,22
15448,M,102,12
15448,M,103,26
15448,M,104,85
15448,M,105,147
15448,M,106,84
15448,M,107,138
15448,M,108,115
15448,M,109,163
15448,M,110,68
15448,M,111,19
15448,M,112,20
29911,F,106,4
29911,F,107,7
29911,F,108,10
29911,F,109,7
29911,F,110,29
29911,F,111,46
29911,F,112,15
15057,M,102,2
15057,M,103,4
14029,M,102,4
29910,M,106,5
29910,M,107,3
29910,M,108,3
29910,M,109,7
29910,M,110,10
29910,M,111,8
29910,M,112,14
29927,M,106,186
29927,M,107,118
29927,M,108,96
29927,M,109,179
10621,M,102,14
29321,M,103,1
29321,M,104,2
29321,M,105,4
29321,M,106,6
29321,M,107,1
29321,M,108,2
29321,M,109,5
29321,M,110,2
29321,M,111,10
29321,M,112,10
29317,F,103,4
29317,F,104,3
29317,F,105,5
29317,F,106,7
29317,F,107,1
29317,F,108,1
29317,F,109,3
29317,F,110,2
29317,F,111,2
29317,F,112,2
15124,M,102,0
15124,M,103,3
15124,M,104,2
15124,M,105,4
15124,M,106,4
15124,M,107,4
15124,M,108,1
15124,M,109,2
15124,M,110,4
15124,M,111,27
15124,M,112,0
15429,M,102,0
15429,M,103,4
29395,M,104,4
29395,M,105,9
29395,M,106,33
29395,M,103,3
29761,M,105,0
29761,M,106,0
29761,M,107,0
29761,M,108,0
29761,M,110,0
10614,M,102,0
10614,M,103,2
29564,M,104,24
29564,M,105,32
29564,M,106,55
29564,M,107,23
29564,M,108,24
29564,M,109,24
29564,M,110,56
29564,M,111,71
21167,M,112,28
21140,M,112,0
29700,M,105,4
29700,M,106,5
29700,M,107,23
29143,M,102,10
29143,M,103,21
29143,M,104,10
29143,M,105,15
29143,M,106,15
29143,M,107,7
29143,M,108,10
29143,M,109,9
29143,M,110,4
29143,M,111,7
29143,M,112,6
29308,M,103,0
29516,M,104,0
29516,M,105,1
29516,M,106,2
29516,M,107,1
29516,M,108,0
29516,M,109,0
29516,M,110,0
29335,M,103,5
29335,M,104,10
29335,M,105,5
29335,M,106,18
29335,M,107,20
29335,M,108,8
14430,M,102,2
14430,M,103,6
14430,M,104,3
14430,M,105,2
14430,M,106,4
14430,M,107,1
14430,M,108,2
14430,M,109,3
14430,M,110,3
14430,M,111,9
14430,M,112,3
20923,M,112,10
20923,M,111,21
20924,M,112,5
20924,M,111,1
20920,F,112,20
20920,F,111,13
20505,M,112,42
20505,M,109,7
20505,M,110,-99
20505,M,111,44
29399,M,104,4
29399,M,105,29
29399,M,103,5
20705,M,112,8
20705,M,110,10
20705,M,111,13
29582,,104,16
14437,,102,0
20909,M,112,6
20909,M,111,6
20904,M,112,16
20904,M,111,23
15623,M,102,3
15623,M,103,1
20719,M,112,9
20719,M,110,9
20719,M,111,22
29305,F,104,7
29305,F,103,0
20109,M,107,9
20109,M,108,2
20109,M,109,4
29344,F,103,18
29344,F,104,32
29344,F,105,14
29344,F,106,10
29344,F,107,19
29344,F,109,27
15417,M,102,8
15417,M,103,10
15417,M,104,2
15417,M,105,6
15417,M,106,8
15417,M,107,5
15417,M,108,1
15417,M,109,8
15417,M,110,4
20724,M,112,1
20724,M,110,3
20724,M,111,3
29936,M,106,5
29936,M,107,6
29936,M,108,24
14677,M,104,20
14677,M,105,34
14677,M,106,27
14677,M,102,19
14677,M,103,9
14459,M,104,18
14459,M,102,2
14459,M,103,4
20519,M,112,8
20519,M,109,8
20519,M,110,12
20519,M,111,9
29373,M,103,8
29373,M,104,30
29373,M,105,44
29373,M,106,68
29373,M,107,69
29373,M,108,61
29373,M,109,292
29706,M,105,11
14214,M,102,117
20142,M,107,0
20142,M,108,5
15030,M,104,2
15030,M,105,0
15030,M,106,0
15030,M,102,1
15030,M,103,1
29362,M,103,2
29362,M,104,6
29362,M,105,13
29362,M,106,6
29362,M,107,3
29362,M,108,7
29362,M,109,6
29362,M,110,5
29362,M,111,4
20522,M,112,28
20522,M,109,9
20522,M,110,7
20522,M,111,10
20137,M,107,1
20137,M,108,1
20137,M,109,0
20137,M,110,3
20137,M,111,2
29942,M,106,8
29942,M,107,1
29942,M,108,1
29942,M,109,3
29942,M,110,11
29942,M,111,4
29942,M,112,9
20101,M,107,2
20101,M,108,3
20101,M,109,1
20101,M,110,4
20101,M,111,31
29922,F,106,7
29922,F,107,5
29922,F,108,5
29922,F,109,3
29922,F,110,10
29922,F,111,7
29922,F,112,52
29940,F,106,7
29940,F,107,1
29940,F,108,6
29940,F,109,5
29940,F,110,6
29940,F,111,10
29940,F,112,99
10727,M,102,29
10727,M,103,34
29912,F,106,2
29912,F,107,0
29912,F,108,6
29912,F,109,8
29912,F,110,9
29912,F,111,7
29912,F,112,25
15445,M,102,2
15445,M,103,12
15445,M,104,43
15445,M,105,67
15445,M,106,47
15445,M,107,36
15445,M,108,18
15445,M,109,17
15445,M,110,29
15445,M,111,52
15445,M,112,108
20954,M,112,24
20954,M,111,22
20347,M,108,10
20347,M,109,12
20347,M,110,22
20347,M,111,19
20339,M,108,3
29579,F,104,39
29579,F,105,53
15062,M,102,16
20510,M,109,1
20310,F,112,12
20310,F,108,3
20310,F,109,1
20310,F,110,24
20310,F,111,20
29334,F,104,11
29334,F,105,12
29334,F,106,8
29334,F,107,9
29334,F,103,12
20515,M,109,4
29358,M,103,5
29358,M,104,17
29358,M,105,83
29358,M,106,47
29358,M,107,76
29358,M,108,25
29358,M,109,30
29358,M,110,14
29147,M,102,17
29147,M,103,11
29147,M,104,21
29147,M,105,20
29147,M,106,31
29147,M,107,21
29147,M,108,16
29147,M,109,19
14441,M,102,12
14441,M,103,4
20104,M,107,1
20104,M,108,4
20104,M,109,15
20104,M,110,16
20104,M,111,13
20104,M,112,15
29397,M,103,0
29397,M,104,12
29397,M,105,17
29397,M,106,10
29397,M,107,67
29397,M,108,27
29744,F,105,50
29744,F,106,53
29744,F,107,27
29744,F,108,25
29744,F,109,11
29744,F,110,24
29744,F,111,45
29744,F,112,36
29506,F,104,16
20105,F,107,1
20105,F,108,3
20105,F,109,2
20105,F,110,20
21181,M,112,9
21178,M,112,8
20918,M,112,27
20918,M,111,16
20540,F,112,27
20540,F,109,20
20540,F,110,3
20540,F,111,8
20749,M,110,10
20749,M,111,18
20742,F,110,1
20742,F,111,12
20521,F,112,11
20521,F,109,2
20521,F,110,4
20521,F,111,11
20524,M,112,18
20524,M,109,17
15076,M,102,4
15076,M,103,1
29754,M,105,12
29754,M,106,9
29754,M,107,49
20725,M,112,2
20725,M,110,4
20726,M,112,10
20726,M,110,9
20726,M,111,0
29339,M,103,1
29339,M,104,9
29339,M,105,7
29339,M,106,5
29339,M,107,2
29339,M,108,1
29339,M,109,2
29339,M,110,3
29339,M,111,10
29339,M,112,2
15425,M,104,0
15425,M,102,0
15425,M,103,2
20138,M,107,8
20138,M,108,7
20138,M,109,18
20138,M,110,19
20138,M,111,122
20138,M,112,33
20506,M,112,4
20506,M,109,8
20506,M,110,11
20506,M,111,8
20504,F,112,162
20504,F,109,10
20504,F,110,28
20504,F,111,35
29575,F,104,43
29932,M,106,4
29932,M,107,4
29932,M,108,3
29932,M,109,5
29932,M,110,3
29932,M,111,14
29932,M,112,18
29926,M,106,41
29926,M,107,32
29926,M,108,63
29926,M,109,292
29926,M,110,197
29926,M,111,178
29926,M,112,360
29931,M,106,11
29931,M,107,14
29931,M,108,11
29931,M,109,6
29931,M,110,8
29931,M,111,12
29931,M,112,19
20754,F,112,9
20754,F,110,7
20754,F,111,6
14624,M,104,17
14624,M,105,29
14624,M,102,30
14624,M,103,39
29935,M,106,2
29935,M,107,6
29935,M,108,37
29901,M,106,12
29901,M,107,16
29901,M,108,13
29901,M,109,21
29901,M,110,20
29901,M,111,14
29901,M,112,10
20342,M,112,151
20342,M,108,28
20342,M,109,29
20342,M,110,74
20342,M,111,73
20130,M,107,0
20130,M,108,1
20130,M,109,3
20130,M,110,1
20130,M,111,3
20130,M,112,11
20727,M,112,45
20727,M,110,41
20727,M,111,29
20718,M,110,6
20718,M,111,33
15023,M,102,23
15023,M,103,0
15023,M,104,0
15023,M,105,0
15023,M,106,0
15023,M,107,0
15023,M,108,2
15023,M,109,0
20934,M,112,2
20934,M,111,1
20927,F,111,18
29359,M,104,19
29359,M,103,4
20358,M,108,13
20358,M,109,4
20358,M,110,7
20358,M,111,109
20328,M,112,8
20328,M,108,4
20328,M,109,5
20328,M,110,3
20328,M,111,3
39508,M,104,9
39508,M,105,26
39508,M,106,20
39508,M,107,8
15059,M,102,0
14216,M,102,9
14422,M,102,15
14422,M,103,51
29369,M,104,13
29369,M,105,9
29369,M,106,8
29369,M,103,9
29915,M,106,9
29915,M,107,5
29915,M,108,5
29915,M,109,4
29915,M,110,9
29915,M,111,19
29719,M,105,1
29719,M,106,0
14445,M,102,4
15081,M,102,2
15081,M,103,1
29325,M,103,6
29325,M,104,2
29325,M,105,6
29325,M,106,6
29325,M,107,11
29325,M,108,2
29325,M,109,5
29325,M,110,11
29325,M,111,8
29325,M,112,10
29768,M,105,31
29768,M,106,46
29768,M,107,70
29768,M,108,38
29768,M,109,55
29768,M,110,109
29768,M,111,113
29768,M,112,186
20332,M,112,23
20332,M,108,1
20332,M,109,2
20332,M,110,14
20332,M,111,17
20914,M,112,30
20914,M,111,24
29929,M,106,7
29929,M,107,13
29929,M,108,3
29929,M,109,16
29929,M,110,11
11020,M,102,7
20729,M,112,3
20729,M,110,8
20729,M,111,5
20737,M,112,26
20737,M,110,20
20737,M,111,41
20731,F,110,14
20731,F,111,10
14239,M,102,65
14239,M,103,67
14239,M,104,139
14239,M,105,368
14239,M,106,251
14239,M,107,45
14239,M,108,38
14239,M,109,55
20759,M,112,4
20759,M,110,3
20759,M,111,4
29346,M,103,5
29346,M,104,10
29346,M,105,9
29346,M,106,14
29346,M,107,2
29346,M,108,11
29346,M,109,7
29346,M,110,39
29346,M,111,23
29346,M,112,33
20740,F,112,12
20740,F,110,5
20740,F,111,24
14068,F,104,7
14068,F,102,10
14068,F,103,14
29569,,104,3
29569,,105,23
29569,,106,47
29569,,107,9
15434,M,102,4
15434,M,103,1
15434,M,104,1
15434,M,105,0
15434,M,106,4
15434,M,107,0
29377,M,103,54
29377,M,104,48
29377,M,105,97
29377,M,106,54
29377,M,107,79
29377,M,108,54
29377,M,109,70
29377,M,110,97
29377,M,111,78
29377,M,112,58
29726,M,105,3
29726,M,106,9
29726,M,107,11
15033,M,102,16
15033,M,103,21
15033,M,104,24
15033,M,105,17
15033,M,106,29
15033,M,107,20
15033,M,108,26
15033,M,109,17
15033,M,110,25
15033,M,111,55
15033,M,112,43
21163,M,112,5
11034,M,102,7
21102,F,112,8
29376,M,103,45
14649,M,102,33
14649,M,103,57
14649,M,104,16
14649,M,105,15
14649,M,106,26
14649,M,107,23
14649,M,108,43
20944,M,112,3
20944,M,111,4
15033,,102,0
15033,,103,0
15033,,104,0
15033,,105,0
15033,,106,0
15033,,107,0
15033,,108,0
15033,,109,0
15033,,110,0
15033,,111,0
15033,,112,0
29586,F,104,2
29586,F,105,4
29586,F,106,3
29586,F,107,0
29586,F,108,3
29586,F,109,5
29586,F,110,3
21123,M,112,19
29301,M,103,2
29301,M,104,6
29301,M,105,7
29301,M,106,6
29301,M,107,3
29301,M,108,8
29301,M,109,4
29301,M,110,28
29301,M,111,82
29301,M,112,77
15051,M,104,3
15051,M,105,15
15051,M,106,3
15051,M,102,1
15051,M,103,3
15412,M,104,20
15412,M,105,15
15412,M,102,2
15412,M,103,4
12000,M,102,15
29347,M,104,41
29347,M,103,16
15005,M,102,6
15005,M,103,7
15005,M,104,8
15005,M,105,10
15005,M,106,9
15005,M,107,4
15005,M,108,9
15005,M,109,0
15005,M,110,0
15005,M,111,0
15005,M,112,0
15402,M,102,3
15402,M,103,2
15402,M,104,0
15402,M,105,0
15402,M,106,0
15402,M,107,0
15402,M,108,1
29508,M,104,7
29508,M,105,15
29508,M,106,16
29508,M,109,14
29508,M,110,15
29508,M,111,14
29508,M,112,9
29738,M,105,12
29738,M,106,9
29764,M,105,5
29764,M,106,6
29764,M,107,15
29764,M,108,5
29764,M,109,20
29764,M,110,42
29764,M,111,16
29764,M,112,19
15035,M,102,4
15035,M,103,7
20132,M,107,2
20132,M,108,16
21117,M,112,56
15044,,102,6
14868,M,102,10
14831,M,102,8
21101,M,112,18
21101,M,111,15
14432,M,102,2
14432,M,103,3
14432,M,104,5
14432,M,105,15
14432,M,106,17
14432,M,107,6
14432,M,108,1
14432,M,109,2
21136,M,112,9
29709,F,105,30
29709,F,106,24
29709,F,107,8
29709,F,108,4
29709,F,109,10
29709,F,110,11
29709,F,111,25
29709,F,112,13
29311,M,103,2
29311,M,104,17
29311,M,105,5
29311,M,106,4
29311,M,107,3
29311,M,108,13
29311,M,109,78
29729,M,105,16
29729,M,106,7
29729,M,107,17
29729,M,108,8
29729,M,109,6
29729,M,110,15
29729,M,111,15
29729,M,112,14
13035,M,102,143
13035,M,103,209
13035,M,104,138
13035,M,105,154
13035,M,106,205
13035,M,107,217
13035,M,108,171
13035,M,109,181
13035,M,110,391
13035,M,111,420
13035,M,112,140
20350,M,108,4
20350,M,109,4
20350,M,110,4
20350,M,111,7
15613,M,102,3
15613,M,103,60
15613,M,104,48
15613,M,105,39
15613,M,106,33
15613,M,107,22
15613,M,108,13
15613,M,109,12
15613,M,110,24
15613,M,111,22
15613,M,112,12
14620,M,104,5
14620,M,105,2
14620,M,106,7
14620,M,102,2
14620,M,103,4
15061,M,102,107
15061,M,103,85
20146,F,107,16
20146,F,108,5
20146,F,109,6
20146,F,110,9
20146,F,111,12
20146,F,112,25
29541,M,104,21
29541,M,105,29
29541,M,106,12
29541,M,107,18
29541,M,108,9
29541,M,109,9
29541,M,110,11
29541,M,111,5
29541,M,112,2
20512,M,109,16
20512,M,110,123
20116,M,107,5
20116,M,108,7
20116,M,109,7
20116,M,110,9
20116,M,111,11
20116,M,112,15
29930,F,106,4
29930,F,107,5
29930,F,108,10
29930,F,109,10
29930,F,110,15
29585,M,104,10
29585,M,105,21
29585,M,106,26
29585,M,107,18
29585,M,108,32
29585,M,109,15
29585,M,110,47
29585,M,111,37
29585,M,112,107
15065,M,102,0
8080,M,102,1
8080,M,103,0
14655,M,104,8
14655,M,102,8
14655,M,103,10
13002,M,104,142
13002,M,105,206
13002,M,106,125
13002,M,102,19
13002,M,103,31
20738,M,112,48
20738,M,110,15
20738,M,111,16
20712,M,112,7
20712,M,110,5
20712,M,111,7
14402,M,102,0
14402,M,103,1
20903,M,112,6
20903,M,111,3
15056,M,102,3
15056,M,103,4
10716,M,104,0
10716,M,102,0
10716,M,103,0
29322,M,104,5
29322,M,105,23
29322,M,103,6
29733,F,105,3
29733,F,106,4
29733,F,107,6
29733,F,108,6
29733,F,109,9
29733,F,110,17
29733,F,111,6
15612,F,102,50
15612,F,103,72
15612,F,104,73
15612,F,105,99
15612,F,106,109
15612,F,107,84
15612,F,108,44
15612,F,109,43
15612,F,110,71
15612,F,111,33
15612,F,112,18
15085,M,102,4
15085,M,103,11
15085,M,104,3
15085,M,105,4
15085,M,106,4
15085,M,107,5
15085,M,108,1
15085,M,109,0
15085,M,110,0
15085,M,111,0
15085,M,112,0
29132,M,102,17
29132,M,103,16
29132,M,104,28
29132,M,105,87
29132,M,106,22
29132,M,107,8
29132,M,108,21
29132,M,109,51
29132,M,110,32
29132,M,111,12
29132,M,112,16
29338,M,103,2
29338,M,104,4
29338,M,105,8
29338,M,106,7
29338,M,107,5
29338,M,108,6
29338,M,109,25
29338,M,110,17
29338,M,111,18
29338,M,112,27
29769,M,105,5
29769,M,106,6
29769,M,107,11
29769,M,108,4
29769,M,109,2
29769,M,110,15
29769,M,111,9
29769,M,112,12
29753,M,105,0
29753,M,106,4
29560,M,104,14
29560,M,105,20
29510,M,104,11
29510,M,105,10
29510,M,106,25
29510,M,107,30
29510,M,108,18
29510,M,109,243
10726,M,102,389
10726,M,103,309
29766,M,105,16
29766,M,106,27
29766,M,107,11
29766,M,108,11
29766,M,109,4
29766,M,110,0
15000,M,102,7
15000,M,103,23
15000,M,104,6
15000,M,105,4
15000,M,106,3
15000,M,107,8
15000,M,108,6
15000,M,109,5
15000,M,110,7
15000,M,111,7
15000,M,112,5
29732,F,105,3
29732,F,106,40
20501,M,112,8
20501,M,109,1
20501,M,110,3
20501,M,111,13
39305,F,103,24
39305,F,104,13
39305,F,105,28
39305,F,106,9
39305,F,107,22
39305,F,108,23
39305,F,109,55
39305,F,110,43
39305,F,111,37
39305,F,112,41
6845,M,102,14
6845,M,103,23
14824,M,102,61
14824,M,103,75
14824,M,104,104
14824,M,105,123
14824,M,106,59
14824,M,107,50
14824,M,108,62
14824,M,109,90
14824,M,110,346
14824,M,111,615
14824,M,112,267
29578,M,104,9
29578,M,105,14
29578,M,106,9
29343,M,103,29
15064,,102,25
15064,,103,0
15064,,104,0
15064,,105,0
15064,,106,0
15064,,107,0
15064,,108,0
15064,,109,0
15064,,110,0
15064,,111,0
29735,M,105,3
29735,M,106,16
29735,M,107,31
29735,M,108,33
29735,M,109,113
29735,M,110,95
29735,M,111,55
14662,M,104,25
14662,M,105,16
14662,M,102,14
14662,M,103,11
29385,M,103,14
14277,M,102,164
29703,M,105,3
29703,M,106,2
29703,M,107,1
29703,M,108,6
29703,M,109,1
29703,M,110,3
29703,M,111,8
20348,M,108,1
29770,M,105,19
10520,M,104,12
10520,M,105,9
10520,M,102,171
10520,M,103,105
15416,M,102,1
20306,M,112,17
20306,M,108,1
20306,M,109,3
20306,M,110,5
20306,M,111,4
20321,M,112,85
20321,M,108,27
20321,M,109,37
20321,M,110,44
20321,M,111,63
12010,M,102,0
15092,M,102,1
15092,M,103,2
15092,M,104,7
15092,M,105,18
15092,M,106,14
15092,M,107,5
15092,M,108,5
15092,M,109,7
15092,M,110,6
15092,M,111,0
15092,M,112,1
29750,F,105,3
29750,F,106,9
29750,F,107,1
29750,F,108,6
29750,F,109,3
29750,F,110,0
20502,M,109,6
20502,M,110,10
20502,M,111,25
29511,M,104,35
29511,M,105,77
29511,M,106,92
29511,M,107,55
29330,F,104,2
29330,F,105,10
29330,F,106,5
29330,F,107,11
29330,F,103,2
31102,M,112,5
29379,M,103,0
29379,M,104,1
29379,M,105,2
29379,M,106,2
29379,M,107,2
29379,M,108,8
29379,M,109,83
29379,M,110,22
29379,M,111,5
29379,M,112,14
21188,M,112,9
21168,M,112,4
21176,M,112,23
14427,M,102,0
13042,M,102,0
13042,M,103,13
13042,M,104,21
13042,M,105,18
13042,M,106,16
13042,M,107,6
21171,M,112,10
20753,M,112,15
20753,M,110,9
20753,M,111,12
20709,M,112,22
20709,M,110,9
20709,M,111,0
14201,,102,48
15446,M,102,2
15446,M,103,2
15446,M,104,7
15446,M,105,6
15446,M,106,25
15446,M,107,11
15446,M,108,6
15446,M,109,7
15446,M,110,5
15446,M,111,25
15446,M,112,111
29353,M,104,4
29353,M,105,27
29353,M,103,4
14264,M,102,3
21182,M,112,6
21184,M,112,14
29714,M,105,27
29714,M,106,17
29714,M,107,35
29714,M,108,113
29714,M,109,32
29924,M,106,7
29924,M,107,5
29924,M,108,2
29924,M,109,5
29924,M,110,20
29906,M,106,12
29906,M,107,7
29906,M,108,9
29906,M,109,11
29906,M,110,31
10596,M,102,18
20106,F,107,3
20106,F,108,2
20106,F,109,5
20106,F,110,12
20106,F,111,9
14879,M,104,6
14879,M,105,4
14879,M,106,12
14879,M,102,4
14879,M,103,2
29540,M,104,28
29340,M,103,45
29340,M,104,54
29340,M,105,130
29340,M,106,62
29340,M,107,36
29340,M,108,33
29374,M,104,36
29374,M,105,68
29374,M,106,783
29374,M,103,16
14612,M,104,30
14612,M,102,0
14612,M,103,5
29762,F,105,3
29762,F,106,3
29762,F,107,4
29762,F,108,1
29762,F,109,6
29762,F,110,3
29762,F,111,1
29762,F,112,14
21106,M,112,7
21172,M,112,10
21113,M,112,43
29730,M,105,78
29730,M,106,220
29730,M,107,192
29730,M,108,143
29730,M,109,499
29730,M,110,420
29730,M,111,255
29730,M,112,107
20955,F,112,5
20955,F,111,9
11036,M,104,14
11036,M,102,10
11036,M,103,16
29743,M,105,36
12013,M,102,24
12013,M,103,33
29776,M,105,28
29776,M,106,23
29776,M,107,25
29776,M,108,18
29776,M,109,22
29776,M,110,29
29776,M,111,38
29776,M,112,22
15413,M,102,11
15413,M,103,23
15413,M,104,1
15413,M,105,0
15413,M,106,1
15413,M,107,3
15413,M,108,2
15413,M,109,1
15413,M,110,0
15413,M,111,0
15413,M,112,0
14052,M,104,46
14052,M,105,54
14052,M,106,19
14052,M,102,5
14052,M,103,1
29349,M,103,3
29349,M,104,4
29349,M,105,4
29349,M,106,5
29349,M,107,3
29349,M,108,4
29349,M,109,8
29349,M,110,2
29349,M,111,7
29349,M,112,9
14444,M,102,84
14863,M,102,34
14863,M,103,16
14863,M,104,55
14863,M,105,49
14863,M,106,55
14863,M,107,-99
14863,M,108,24
14863,M,109,34
14863,M,110,33
14863,M,111,14
14863,M,112,32
29306,M,104,19
29306,M,103,1
14448,M,102,0
14448,M,103,1
14448,M,104,0
14448,M,105,0
14448,M,106,1
14448,M,107,9
14448,M,108,14
14448,M,109,15
14448,M,110,19
14448,M,111,26
14448,M,112,6
14825,M,104,35
14825,M,105,17
14825,M,106,30
14825,M,102,55
14825,M,103,33
29742,M,105,21
29742,M,106,24
29742,M,107,6
29742,M,108,3
29742,M,109,13
29742,M,110,18
29742,M,111,10
29742,M,112,4
14055,M,104,17
14055,M,102,8
14055,M,103,21
14854,M,102,1
14854,M,103,2
14854,M,104,10
14854,M,105,21
14854,M,106,11
14854,M,107,7
14854,M,108,12
14854,M,109,22
14854,M,110,7
14854,M,111,6
14854,M,112,36
20946,M,112,4
20946,M,111,2
29360,M,103,4
29360,M,104,3
29360,M,105,5
29360,M,106,12
29360,M,107,9
29360,M,108,5
29360,M,109,5
29360,M,110,47
29360,M,111,138
14454,M,102,0
14454,M,103,1
14454,M,104,8
14454,M,105,6
14454,M,106,3
14454,M,107,11
29905,M,106,6
29905,M,107,14
29905,M,108,22
29905,M,109,12
29905,M,110,11
29905,M,111,4
29905,M,112,10
29549,F,104,12
29549,F,105,8
29549,F,106,7
29549,F,107,5
29549,F,108,12
29549,F,109,6
29549,F,110,3
29549,F,111,3
29549,F,112,9
20916,M,112,5
20916,M,111,0
20958,M,112,7
20958,M,111,24
20908,M,111,67
20701,F,110,10
20701,F,111,31
20735,F,110,43
20527,M,112,30
20527,M,109,3
20527,M,110,5
20527,M,111,7
20529,M,112,49
20529,M,109,34
20529,M,110,44
20529,M,111,44
20319,M,112,7
20319,M,108,2
20319,M,109,11
20319,M,110,7
20319,M,111,14
20305,M,112,30
20305,M,108,11
20305,M,109,4
20305,M,110,17
20305,M,111,57
29333,M,104,15
29333,M,105,13
29333,M,106,22
29333,M,107,19
29333,M,103,4
14256,M,102,55
14256,M,103,51
14256,M,104,43
14256,M,105,49
14256,M,106,49
14256,M,107,86
14256,M,108,70
14256,M,109,99
14256,M,110,136
14256,M,111,138
14256,M,112,72
21175,M,112,39
20323,M,108,67
20323,M,109,196
20323,M,110,355
29389,M,103,7
29389,M,104,3
29389,M,105,6
29389,M,106,12
29389,M,107,16
29389,M,108,17
29389,M,109,93
15049,M,102,2
15049,M,103,1
15049,M,104,2
15049,M,105,2
15049,M,106,5
15049,M,107,2
15049,M,108,3
15049,M,109,2
15049,M,110,1
15049,M,111,18
29739,M,105,2
29739,M,106,5
29739,M,107,4
29739,M,108,4
29739,M,109,3
10588,M,104,40
10588,M,102,17
10588,M,103,67
21186,M,112,4
29142,M,104,15
29142,M,102,5
29142,M,103,2
11000,M,104,7
11000,M,102,2
11000,M,103,4
29558,,104,11
15053,M,102,8
21112,M,112,15
29316,M,103,4
29316,M,104,3
29316,M,105,9
29316,M,106,5
29316,M,107,10
29316,M,108,1
29316,M,109,6
29316,M,110,20
29316,M,111,13
29316,M,112,46
29372,M,103,9
14046,M,102,21
29528,M,104,2
29528,M,105,6
29528,M,106,7
29528,M,107,9
15069,M,102,11
29704,M,105,52
29704,M,106,90
29704,M,107,38
15446,M,102,0
15446,M,103,0
15446,M,104,0
15446,M,105,0
15446,M,106,0
15446,M,107,0
15446,M,108,0
15446,M,109,0
15446,M,110,0
15446,M,111,0
15446,M,112,0
14852,M,104,43
14852,M,102,4
14852,M,103,9
13003,M,102,1
29509,M,104,1
29509,M,105,0
29509,M,106,1
29509,M,107,1
29509,M,108,0
29509,M,109,0
29509,M,110,0
14290,M,105,22
14290,M,106,25
14290,M,107,20
14290,M,108,21
14290,M,109,11
14290,M,110,568
14290,M,111,238
14290,M,112,1505
20316,M,112,13
20316,M,108,4
20316,M,109,5
20316,M,110,8
20316,M,111,7
14679,M,104,0
14679,M,102,0
14679,M,103,0
20117,M,107,7
20117,M,108,12
20117,M,109,85
20117,M,110,44
20117,M,111,148
20117,M,112,74
29368,M,103,13
29368,M,104,5
29368,M,105,5
29368,M,106,2
29368,M,107,11
29368,M,108,4
29368,M,109,32
29368,M,110,30
29368,M,111,25
29368,M,112,13
20135,M,107,2
20135,M,108,3
20135,M,109,2
20135,M,110,3
20135,M,111,2
20135,M,112,1
20337,M,112,51
20337,M,108,4
20337,M,109,9
20337,M,110,16
14271,M,102,3
29705,F,105,9
29705,F,106,7
29705,F,107,16
29705,F,108,9
29705,F,109,15
29705,F,110,18
29705,F,111,34
10583,M,102,37
10583,M,103,34
15083,M,102,13
15083,M,103,2
15083,M,104,0
15083,M,105,1
15083,M,106,1
15083,M,107,1
15083,M,108,1
15083,M,109,5
15083,M,110,1
15083,M,111,2
14833,,102,4
15450,M,102,4
15450,M,103,5
15450,M,104,16
15450,M,105,6
15450,M,106,10
15450,M,107,9
14040,M,104,6
14040,M,102,3
14040,M,103,6
15452,M,104,1
15452,M,102,0
15452,M,103,2
14844,,102,7
15073,M,102,2
15073,M,103,5
10607,M,104,10
10607,M,105,7
10607,M,102,16
10607,M,103,20
29755,M,105,2
29755,M,106,5
29755,M,107,3
29755,M,108,5
29755,M,109,2
14815,,102,23
29364,M,103,8
29364,M,104,7
29364,M,105,11
29364,M,106,8
29364,M,107,13
29364,M,108,30
14855,F,102,16
14855,F,103,32
14855,F,104,78
14855,F,105,68
14855,F,106,64
14855,F,107,60
15455,M,102,3
15455,M,103,2
15455,M,104,4
15455,M,105,7
15455,M,106,1
15455,M,107,3
15455,M,108,2
15455,M,109,2
15455,M,110,4
15455,M,111,1
15455,M,112,0
29737,M,105,7
29737,M,106,4
29737,M,107,5
29737,M,108,1
29737,M,109,4
29737,M,110,8
14636,M,102,1
14636,M,103,6
29525,M,104,4
29525,M,105,3
29525,M,106,2
29525,M,107,1
29525,M,108,0
29525,M,109,9
29525,M,110,5
29525,M,111,0
29525,M,112,12
29561,M,104,4
29561,M,105,4
29561,M,106,2
29561,M,107,5
29561,M,108,3
29561,M,109,9
29561,M,110,14
29561,M,111,25
29561,M,112,9
14808,M,102,2
14808,M,103,3
14808,M,104,4
14808,M,105,2
14808,M,106,5
14808,M,107,0
29327,M,103,7
29327,M,104,18
29327,M,105,34
29327,M,106,24
29327,M,107,12
29327,M,108,23
29327,M,109,26
29327,M,110,8
29327,M,111,88
1087,M,102,11
29354,M,104,17
29354,M,103,10
39314,M,103,4
15635,M,102,1
15635,M,103,2
15635,M,104,11
15635,M,105,0
15635,M,106,0
15635,M,107,0
29727,M,105,31
29727,M,106,28
29727,M,107,32
29727,M,108,47
39307,M,103,32
39307,M,104,45
39307,M,105,58
39307,M,106,65
39307,M,107,56
39307,M,108,52
39307,M,109,69
39307,M,110,48
39307,M,111,38
39307,M,112,75
29577,M,104,21
29577,M,105,31
29775,F,105,0
29775,F,106,0
29775,F,107,0
29775,F,108,0
29775,F,109,0
29775,F,110,0
29775,F,111,10
29775,F,112,36
15021,M,104,34
15021,M,102,8
15021,M,103,15
14631,M,102,31
20318,F,108,10
15611,M,104,5
15611,M,102,2
15611,M,103,8
15063,M,105,21
15063,M,102,11
15063,M,103,7
15633,M,102,21
15633,M,103,15
39310,F,103,5
10421,M,104,9
10421,M,105,13
10421,M,102,7
10421,M,103,18
15622,M,102,12
15622,M,103,23
14225,M,102,3
29310,M,104,17
29310,M,103,14
29570,M,104,27
29545,M,104,8
15431,M,102,72
15431,M,103,77
15431,M,104,83
15431,M,105,105
15431,M,106,98
15431,M,107,83
15431,M,108,93
15431,M,109,79
15431,M,110,123
15431,M,111,81
15431,M,112,129
29526,M,104,12
21111,M,112,10
15421,,102,12
15421,,103,0
20935,M,111,29
12001,,102,22
14238,M,102,36
14238,M,103,27
14672,M,104,118
14672,M,102,100
14672,M,103,120
15228,M,102,10
13047,M,102,1
13047,M,103,2
13047,M,104,2
13047,M,105,5
13047,M,106,37
13047,M,107,20
13047,M,108,26
13047,M,109,8
13047,M,110,6
13047,M,111,1
13047,M,112,0
29711,M,105,5
29711,M,106,6
29711,M,107,7
20741,M,110,8
20741,M,111,14
20514,M,112,11
20514,M,109,5
20514,M,110,2
20514,M,111,8
20932,M,112,3
20932,M,111,2
20509,F,109,13
20509,F,110,10
20509,F,111,27
20507,M,112,25
20507,M,109,21
20507,M,110,12
20507,M,111,8
20340,M,112,6
20340,M,108,0
20340,M,109,0
20340,M,110,1
20340,M,111,10
20357,M,112,8
20357,M,108,2
20357,M,109,2
20357,M,110,3
20357,M,111,15
29324,F,103,13
15607,M,102,6
15607,M,103,12
14274,M,102,18
14274,M,103,5
29721,M,105,9
29721,M,106,9
29721,M,107,1
29721,M,108,3
29721,M,109,11
29721,M,110,7
29721,M,111,10
29721,M,112,19
20721,F,110,12
20744,M,110,11
20744,M,111,220
21129,M,112,14
21142,M,112,11
29521,M,104,17
29521,M,105,11
29521,M,106,25
29521,M,107,40
15022,M,102,2
21149,F,112,13
21139,M,112,4
21157,M,112,4
21124,F,112,8
21134,M,112,22
21187,F,112,4
21151,M,112,16
20762,F,112,15
20762,F,110,9
20762,F,111,18
29513,M,104,1
29513,M,105,1
29513,M,106,3
29513,M,107,0
29513,M,108,1
29513,M,109,1
15048,M,102,0
21148,M,112,5
21192,F,112,6
29568,M,104,9
29568,M,105,5
29568,M,106,5
29568,M,107,12
14644,M,102,91
14644,M,103,95
14644,M,104,115
14644,M,105,86
14644,M,106,97
14644,M,107,118
14644,M,108,106
14644,M,109,177
14644,M,110,171
14644,M,111,204
14644,M,112,223
31103,M,112,3
29309,F,103,5
29309,F,104,5
29309,F,105,6
29309,F,106,7
29309,F,107,4
29309,F,108,3
29309,F,109,7
29309,F,110,9
29309,F,111,15
29309,F,112,11
21153,M,112,14
29572,M,104,1
29572,M,105,1
29572,M,106,3
29572,M,107,8
29572,M,108,3
29572,M,109,2
29572,M,110,1
29572,M,111,1
29572,M,112,4
12009,M,104,22
12009,M,105,23
12009,M,106,34
12009,M,102,19
12009,M,103,10
15606,M,104,1
15606,M,102,0
15606,M,103,1
20326,M,112,12
20326,M,108,11
20326,M,109,7
20326,M,110,7
20326,M,111,15
29718,M,105,6
29718,M,106,4
29718,M,107,12
29718,M,108,3
29718,M,109,17
29718,M,110,5
29718,M,111,7
29718,M,112,15
29319,M,104,1
29319,M,103,0
29745,M,105,7
29745,M,106,4
29745,M,107,1
29745,M,108,2
29745,M,109,1
29745,M,110,3
29745,M,111,17
29588,M,104,1
29588,M,105,4
29588,M,106,2
29588,M,107,7
29588,M,108,7
29588,M,109,2
29588,M,110,14
29588,M,111,32
29588,M,112,22
29357,M,104,7
29357,M,103,5
14469,M,104,11
14469,M,105,54
14469,M,102,0
14469,M,103,5
20356,M,112,122
20356,M,108,41
20356,M,109,37
20356,M,110,31
20356,M,111,58
20324,M,108,2
20324,M,109,34
20344,M,112,50
20344,M,108,6
20344,M,109,23
20344,M,110,39
20344,M,111,22
20322,M,108,5
20322,M,109,5
15634,F,102,6
15634,F,103,2
15634,F,104,15
15634,F,105,30
15634,F,106,25
15634,F,107,10
15634,F,108,11
15634,F,109,12
15634,F,110,30
15634,F,111,24
15634,F,112,68
14048,M,104,5
14048,M,102,24
14048,M,103,10
15001,M,102,0
15001,M,103,0
10717,M,102,4
14413,M,102,2
14413,M,103,1
14413,M,104,2
14413,M,105,2
14413,M,106,7
14413,M,107,1
14413,M,108,1
14413,M,109,1
14413,M,110,2
14413,M,111,6
14413,M,112,0
14066,M,102,11
14066,M,103,4
14066,M,104,39
14066,M,105,29
14066,M,106,17
14066,M,107,32
14066,M,108,20
14066,M,109,26
14066,M,110,68
14066,M,111,19
14066,M,112,20
21107,M,112,23
21103,M,112,14
21156,M,112,23
21165,M,112,2
15029,F,102,7
15029,F,103,13
15029,F,104,14
15029,F,105,11
15029,F,106,10
15029,F,107,7
15029,F,108,7
15029,F,109,7
15029,F,110,12
15029,F,111,33
15029,F,112,18
20962,M,112,6
20962,M,111,5
20131,M,107,121
20131,M,108,148
20131,M,109,1939
20131,M,110,834
20131,M,111,35
20131,M,112,94
29323,M,103,2
29323,M,104,4
29323,M,105,3
29323,M,106,2
29323,M,107,2
29323,M,108,2
29323,M,109,5
29323,M,110,1
29323,M,111,3
29323,M,112,0
29720,F,105,5
29720,F,106,3
29720,F,107,4
29720,F,108,3
29720,F,109,5
29720,F,110,6
15439,M,102,5
15439,M,103,3
21154,M,112,0
29384,M,103,6
29384,M,104,9
29384,M,105,12
29384,M,106,9
29384,M,107,11
29384,M,108,10
29384,M,109,6
29384,M,110,5
29384,M,111,52
14253,M,102,38
39316,M,103,13
39316,M,104,12
39316,M,105,20
39316,M,106,8
39316,M,107,11
39316,M,108,8
39316,M,109,10
39316,M,110,12
39316,M,111,59
29326,M,103,1
29326,M,104,10
29326,M,105,11
29326,M,106,7
29326,M,107,6
29326,M,108,9
21195,F,112,16
15019,M,102,19
15019,M,103,123
15019,M,108,4
15019,M,109,4
15019,M,110,18
15019,M,111,34
15019,M,112,16
15431,M,102,0
15431,M,103,0
15431,M,104,0
15431,M,105,0
15431,M,106,0
15431,M,107,0
15431,M,108,0
15431,M,109,0
15431,M,110,0
15431,M,111,0
15431,M,112,0
29557,,104,19
21125,M,112,30
20953,F,112,8
20953,F,111,5
14839,M,102,0
20915,F,112,5
20915,F,111,7
21150,M,112,17
21162,M,112,28
15444,F,102,24
15444,F,103,16
15444,F,104,18
15444,F,105,23
15444,F,106,18
15444,F,107,24
15444,F,108,15
15444,F,109,17
15444,F,110,26
15444,F,111,55
15444,F,112,39
21114,M,112,13
15617,M,104,3
15617,M,102,5
15617,M,103,6
29904,M,106,9
20121,M,107,5
20121,M,108,7
20121,M,109,23
20118,M,107,4
29345,M,104,1
29345,M,105,9
29345,M,103,0
21173,M,112,70
29512,M,104,7
29512,M,105,9
29512,M,106,6
29512,M,107,39
20526,M,112,6
20526,M,109,3
20526,M,110,5
20526,M,111,11
20717,M,112,94
20717,M,110,4
20717,M,111,29
20747,M,110,32
29393,M,103,9
29393,M,104,5
29393,M,105,3
29393,M,106,5
29393,M,107,2
29393,M,108,4
29393,M,109,2
29393,M,110,18
29393,M,111,12
29393,M,112,40
20511,M,112,3
20511,M,109,13
20511,M,110,6
20511,M,111,4
20302,M,108,3
20302,M,109,3
20302,M,110,22
20302,M,111,31
29109,F,102,22
29109,F,103,21
29109,F,104,27
29109,F,105,22
29109,F,106,26
29109,F,107,15
29109,F,108,27
29109,F,109,29
29109,F,110,44
29109,F,111,47
29109,F,112,28
29731,M,105,17
29731,M,106,10
29731,M,107,10
29731,M,108,9
29731,M,109,11
29731,M,110,13
29731,M,111,17
21105,M,112,25
15046,M,102,55
29756,M,105,9
29756,M,106,14
29756,M,107,24
29756,M,108,14
29756,M,109,113
29562,M,104,1
29562,M,105,2
29562,M,106,3
29562,M,107,1
29329,F,104,7
29329,F,105,17
29329,F,106,22
29329,F,103,2
14053,M,102,18
14053,M,103,88
14053,M,104,36
14053,M,105,28
14053,M,106,22
14053,M,107,24
14053,M,108,43
14053,M,109,22
14053,M,110,35
14053,M,111,36
14053,M,112,28
6455,M,102,111
6455,M,103,81
20948,M,112,5
20948,M,111,4
20537,F,112,9
20537,F,109,3
20537,F,110,2
20537,F,111,2
29315,M,103,2
29315,M,104,3
29315,M,105,6
29315,M,106,1
29315,M,107,1
29315,M,108,11
29315,M,109,9
29315,M,110,20
29315,M,111,20
29315,M,112,62
29724,M,105,10
14673,M,102,16
14856,,102,22
14415,,102,2
12030,M,104,8
12030,M,105,7
12030,M,102,15
12030,M,103,3
29544,F,104,33
29544,F,105,56
29544,F,106,33
29544,F,107,41
29544,F,108,26
29544,F,109,52
15627,M,102,4
15627,M,103,2
15627,M,104,9
15627,M,105,19
15627,M,106,0
15627,M,107,1
15627,M,108,0
15627,M,109,0
15627,M,110,0
15627,M,111,1
15627,M,112,0
10768,M,102,41
29573,F,104,16
29573,F,105,21
29573,F,106,15
29573,F,107,13
29573,F,108,8
29573,F,109,7
29573,F,110,12
29573,F,111,25
29573,F,112,17
10742,M,104,10
10742,M,102,2
10742,M,103,7
21100,M,112,5
21100,M,111,9
15006,M,102,15
15006,M,103,21
15006,M,104,56
15006,M,105,48
15006,M,106,38
15006,M,107,60
15006,M,108,56
15006,M,109,77
14237,,102,8
14045,M,102,2
14045,M,103,3
14045,M,104,21
14045,M,105,15
14045,M,106,12
14045,M,107,6
14045,M,108,5
14045,M,109,11
14045,M,110,13
29536,M,104,17
29536,M,105,29
29365,M,103,0
29365,M,104,1
29365,M,105,2
29365,M,106,1
29365,M,107,0
29365,M,108,0
29365,M,109,0
29365,M,110,0
39302,M,103,5
39302,M,104,11
39302,M,105,9
39302,M,106,15
39302,M,107,11
39302,M,108,8
39302,M,109,27
14407,M,102,35
14407,M,103,78
14407,M,104,81
14407,M,105,74
14407,M,106,51
14407,M,107,36
15055,M,104,57
15055,M,102,26
15055,M,103,76
20147,M,107,116
20147,M,108,93
20147,M,109,133
20147,M,110,51
20147,M,111,33
20147,M,112,32
20338,M,112,17
20338,M,108,40
20338,M,109,34
20338,M,110,14
20338,M,111,30
15015,M,102,10
15060,M,104,10
15060,M,105,4
15060,M,106,1
15060,M,102,0
15060,M,103,4
20139,M,107,0
20139,M,108,5
20139,M,109,2
20139,M,110,10
20139,M,111,6
20139,M,112,6
15031,M,102,4
29500,M,104,5
29500,M,105,24
29500,M,106,7
39309,F,103,6
29542,M,104,50
29542,M,105,80
29542,M,106,85
29760,M,105,3
29760,M,106,2
29760,M,107,6
29760,M,108,4
29760,M,109,4
29760,M,110,8
29760,M,111,25
29760,M,112,31
15636,M,104,9
15636,M,102,7
15636,M,103,10
15058,,104,0
15058,,105,0
15058,,102,0
15058,,103,0
15420,M,102,23
15420,M,103,17
15420,M,104,12
15420,M,105,1
15420,M,106,3
15420,M,107,0
15420,M,108,1
15420,M,109,0
15420,M,110,0
15420,M,111,1
15420,M,112,0
15616,M,102,53
15616,M,103,-99
15616,M,104,11
15616,M,105,11
15616,M,106,16
15616,M,107,14
15616,M,108,11
15616,M,109,4
15616,M,110,3
15616,M,111,8
15616,M,112,5
15410,M,102,31
15410,M,103,128
15410,M,104,36
15410,M,105,101
15410,M,106,35
15410,M,107,10
15410,M,108,3
15410,M,109,10
15410,M,110,4
15410,M,111,1
15410,M,112,4
15013,M,104,48
15013,M,102,4
15013,M,103,11
14471,,102,0
29581,M,104,14
29581,M,105,8
29581,M,106,34
29581,M,107,10
29581,M,108,16
39306,F,103,18
29583,M,104,14
29583,M,105,48
39304,M,103,5
39304,M,104,10
39304,M,105,4
39304,M,106,3
39304,M,107,4
39304,M,108,6
39304,M,109,5
39304,M,110,5
39304,M,111,9
39304,M,112,8
14428,M,102,0
15424,M,102,5
15424,M,103,16
20539,M,112,45
20539,M,109,28
20539,M,110,36
20539,M,111,39
14871,M,104,50
14871,M,102,70
14871,M,103,51
29563,M,104,14
29563,M,105,7
29563,M,106,5
29563,M,107,5
29563,M,108,7
29563,M,109,9
29563,M,110,13
29304,F,103,10
39300,M,103,4
39300,M,104,8
39300,M,105,40
39300,M,109,6
39300,M,110,3
39300,M,111,24
29520,M,104,11
29520,M,105,8
29520,M,106,9
29520,M,107,7
29520,M,108,11
29520,M,109,29
29396,M,103,1
29396,M,104,1
29396,M,105,2
29396,M,106,2
29396,M,107,13
29396,M,108,2
29396,M,109,2
29396,M,110,1
29396,M,111,5
29396,M,112,10
39301,M,103,1
39301,M,104,5
39301,M,105,5
39301,M,106,6
39301,M,107,11
39301,M,108,24
39301,M,109,11
39301,M,110,93
39301,M,111,110
39301,M,112,41
14062,M,104,66
14062,M,102,47
14062,M,103,24
29361,M,103,1
29361,M,104,7
29361,M,105,21
29361,M,106,8
29361,M,107,9
29361,M,108,17
29361,M,109,62
29361,M,110,31
29361,M,111,43
14429,M,102,0
29587,M,104,8
29587,M,105,10
29587,M,106,5
29587,M,107,7
29587,M,108,16
29587,M,109,23
29587,M,110,41
29587,M,111,45
29587,M,112,86
20919,M,112,7
20919,M,111,3
20140,M,107,13
20140,M,108,6
20140,M,109,9
20140,M,110,15
20140,M,111,23
20140,M,112,30
14819,M,104,16
14819,M,102,1
14819,M,103,2
15435,F,102,4
29736,F,105,3
29736,F,106,7
29736,F,107,7
29736,F,108,14
29736,F,109,4
29736,F,110,7
29736,F,111,5
29736,F,112,10
14657,M,102,11
14657,M,103,4
14657,M,104,6
14657,M,105,37
14657,M,106,20
14657,M,107,55
14657,M,108,65
14657,M,109,60
14657,M,110,15
14657,M,111,9
14657,M,112,11
15401,M,102,3
15401,M,103,2
15401,M,104,6
15401,M,105,5
15401,M,106,6
15401,M,107,7
15401,M,108,3
15401,M,109,0
15401,M,110,0
14675,M,102,3
14675,M,103,0
14675,M,104,4
14675,M,105,5
14675,M,106,3
14675,M,107,5
14675,M,108,1
14675,M,109,4
14675,M,110,3
14675,M,111,2
14675,M,112,5
20144,M,107,2
20144,M,108,8
20144,M,109,19
20144,M,110,35
20144,M,111,254
20144,M,112,575
14072,M,102,26
14072,M,103,20
14072,M,104,7
14072,M,105,8
14072,M,106,15
14072,M,107,6
14072,M,108,18
14072,M,109,133
14072,M,110,90
14072,M,111,105
15603,M,102,35
15603,M,103,33
15603,M,104,24
15603,M,105,39
15603,M,106,41
15603,M,107,41
15603,M,108,33
15603,M,109,9
15603,M,110,26
15603,M,111,18
15603,M,112,11
20125,M,107,3
20125,M,108,2
20125,M,109,6
20125,M,110,6
20125,M,111,8
20125,M,112,66
29939,M,106,12
29939,M,107,10
29939,M,108,23
29939,M,109,23
29939,M,110,38
29939,M,111,204
29939,M,112,2359
20102,M,107,6
20102,M,108,3
20102,M,109,3
20102,M,110,12
20102,M,111,20
20102,M,112,16
20120,M,107,15
20120,M,108,9
20120,M,109,15
20120,M,110,12
20120,M,111,15
20120,M,112,97
20301,M,112,97
20301,M,108,9
20301,M,109,15
20301,M,110,12
20301,M,111,15
20303,M,108,4
20303,M,109,8
20303,M,110,31
14421,M,102,306
14421,M,103,283
14421,M,104,239
14421,M,105,434
14421,M,106,335
14421,M,107,409
14421,M,108,572
20329,M,112,13
20329,M,108,1
20329,M,109,2
20329,M,110,1
20329,M,111,0
20536,M,112,13
20536,M,109,17
20536,M,110,7
20536,M,111,4
15034,M,102,11
14835,M,102,15
14835,M,103,8
14835,M,104,9
14835,M,105,6
14835,M,106,9
14835,M,107,6
14835,M,108,47
14835,M,109,93
14835,M,110,146
29533,M,104,4
29533,M,105,2
29533,M,106,4
29533,M,107,7
29551,M,104,14
10713,M,102,72
10713,M,103,32
10713,M,104,25
10713,M,105,96
10713,M,106,39
10713,M,107,71
10713,M,108,37
10713,M,109,41
10713,M,110,79
10713,M,111,50
10713,M,112,27
21196,M,112,11
20111,M,107,0
20111,M,108,1
20111,M,109,3
20111,M,110,1
20111,M,111,0
20111,M,112,3
15015,,102,0
39303,M,104,1
39303,M,103,2
14827,M,104,37
14827,M,102,3
14827,M,103,23
21122,M,112,7
14618,M,102,20
20307,M,112,8
20307,M,108,1
20307,M,109,2
20307,M,110,3
20307,M,111,9
20353,M,112,62
20353,M,108,8
20353,M,109,1
20353,M,110,3
20353,M,111,15
21177,F,112,23
21115,M,112,1
21147,M,112,1
29574,M,104,12
29574,M,105,2
29574,M,106,4
29574,M,107,11
14605,M,102,0
14605,M,103,0
14605,M,104,0
14605,M,105,2
14605,M,106,3
14605,M,107,0
14605,M,108,0
29380,M,103,17
29380,M,104,11
29380,M,105,29
29380,M,106,15
29380,M,107,22
29380,M,108,14
29380,M,109,31
29380,M,110,28
29380,M,111,24
29380,M,112,23
29765,M,105,7
29765,M,106,16
15608,M,102,0
29302,M,104,3
29302,M,105,3
29302,M,106,6
29302,M,107,20
29302,M,103,4
15418,M,104,9
15418,M,102,0
15418,M,103,2
29715,M,105,29
29715,M,106,16
29715,M,107,5
29715,M,108,11
29715,M,109,14
29715,M,110,27
29715,M,111,19
14654,M,102,0
29580,M,104,0
29580,M,105,2
29580,M,106,2
29580,M,107,4
29580,M,108,4
29580,M,109,25
29580,M,110,7
29580,M,111,10
29580,M,112,17
29337,M,103,11
29337,M,104,3
29337,M,105,15
29337,M,106,16
29337,M,107,7
29337,M,108,3
29337,M,109,31
29337,M,110,14
29337,M,111,8
29337,M,112,4
15433,F,104,15
15433,F,102,6
15433,F,103,15
14233,M,104,5
14233,M,105,4
14233,M,102,0
14233,M,103,1
14463,M,102,1
20763,F,112,20
20763,F,110,6
20763,F,111,6
20107,M,107,7
20107,M,108,62
20107,M,109,13
20107,M,110,26
20107,M,111,147
20107,M,112,242
15438,M,102,3
15438,M,103,1
15438,M,105,1
15438,M,106,3
15438,M,107,0
15438,M,108,0
15438,M,109,0
15438,M,110,2
15438,M,111,1
15438,M,112,0
20113,M,107,2
20113,M,108,5
20113,M,109,12
20113,M,110,39
20113,M,111,7
29752,M,105,0
29752,M,106,0
29752,M,107,2
29752,M,108,9
29752,M,109,4
29752,M,110,5
29752,M,111,8
29752,M,112,17
15615,M,102,4
15615,M,103,6
29913,M,106,10
29913,M,107,15
15068,M,102,182
14669,M,102,39
14669,M,103,15
14669,M,104,30
14669,M,105,73
14669,M,106,39
14669,M,107,54
14669,M,108,24
14669,M,109,49
14446,M,102,1
29386,M,103,1
29386,M,104,3
29386,M,105,15
29386,M,106,20
29386,M,107,29
29386,M,108,28
29386,M,109,117
29548,M,104,5
29548,M,105,14
29548,M,106,9
29548,M,107,11
29548,M,108,21
29708,M,105,18
29708,M,106,84
29522,M,104,1
29522,M,105,2
29522,M,106,5
29522,M,107,3
29522,M,108,3
29522,M,109,2
29522,M,110,6
29522,M,111,0
29522,M,112,28
12042,M,102,42
14843,M,102,2
14843,M,103,0
14039,M,102,15
14039,M,103,13
14039,M,104,10
14039,M,105,9
14039,M,106,10
14039,M,107,17
29313,M,103,5
29313,M,104,2
29313,M,105,6
29313,M,106,3
29313,M,107,4
29313,M,108,6
29313,M,109,3
29313,M,110,6
29313,M,111,8
29313,M,112,6
29149,M,102,10
29149,M,103,15
29149,M,104,15
29149,M,105,33
29149,M,106,28
29149,M,107,14
29149,M,108,23
29149,M,109,10
29149,M,110,11
29149,M,111,23
29149,M,112,20
14661,F,102,13
14661,F,103,27
15611,M,104,0
15611,M,102,0
15611,M,103,0
29722,M,105,4
29722,M,106,5
29722,M,107,3
29722,M,108,1
29722,M,109,2
29722,M,110,2
29722,M,111,8
29390,F,103,4
29390,F,104,6
29390,F,105,17
29390,F,106,5
29390,F,107,6
29390,F,108,11
29390,F,109,59
29390,F,110,17
20334,M,108,4
20334,M,109,11
20334,M,110,13
29916,M,106,2
29916,M,107,0
29916,M,108,0
12041,M,102,10
12041,M,103,9
12041,M,104,4
12041,M,105,13
12041,M,106,11
12041,M,107,5
12041,M,108,8
29505,M,104,7
29505,M,105,8
29505,M,106,4
29505,M,107,7
29505,M,108,4
29505,M,109,4
29505,M,110,1
29505,M,111,3
15021,,104,0
15021,,102,2
15021,,103,0
39313,M,103,4
14632,M,102,9
14632,M,103,6
14632,M,104,9
14632,M,105,13
14632,M,106,10
14632,M,107,18
15411,M,102,60
13011,M,104,11
13011,M,105,9
13011,M,102,13
13011,M,103,46
29515,M,104,32
29375,M,103,38
29375,M,104,53
29375,M,105,89
29375,M,106,69
29375,M,107,53
29375,M,108,57
29375,M,109,151
29375,M,110,115
29375,M,111,223
29375,M,112,285
14813,M,102,4
14813,M,103,10
14813,M,104,10
14813,M,105,17
14813,M,106,43
14813,M,107,13
14813,M,108,33
14813,M,109,38
14813,M,110,16
14813,M,111,6
14813,M,112,25
21143,M,112,29
29565,M,104,6
29565,M,105,21
29565,M,106,35
90327,M,112,1
90327,M,109,12
90327,M,110,3
90327,M,111,2
14666,M,102,0
14666,M,103,0
29713,M,105,4
29713,M,106,4
29713,M,107,2
29713,M,108,3
29713,M,109,2
29713,M,110,2
29713,M,111,28
15011,F,102,80
10732,M,104,24
10732,M,105,35
10732,M,102,92
10732,M,103,90
29312,F,103,11
29312,F,104,6
29312,F,105,3
29312,F,106,8
29312,F,107,4
29312,F,108,6
29312,F,109,3
29312,F,110,7
29312,F,111,16
29312,F,112,12
29918,M,106,14
29918,M,107,2
29918,M,108,13
15631,F,102,0
15631,F,103,0
29378,F,103,33
29378,F,104,20
29378,F,105,47
29378,F,106,30
29378,F,107,32
29378,F,108,20
29378,F,109,27
29378,F,110,40
29378,F,111,53
29378,F,112,34
20736,M,110,8
20736,M,111,29
20330,M,112,165
20330,M,108,2
20330,M,109,12
20330,M,110,67
20330,M,111,153
14847,,102,0
14458,M,104,6
14458,M,105,11
14458,M,106,7
14458,M,102,20
14458,M,103,6
15007,M,102,2
15007,M,103,3
15007,M,104,5
15007,M,105,3
15007,M,106,2
15007,M,107,2
15007,M,108,0
15007,M,109,0
14288,M,104,3
14288,M,105,5
14288,M,106,3
14288,M,102,5
14288,M,103,4
29566,M,104,3
29566,M,105,62
29566,M,106,95
29566,M,107,35
29527,M,104,10
29394,F,104,3
29394,F,105,5
29394,F,103,7
29501,M,104,14
29501,M,105,8
29501,M,106,22
29501,M,107,9
29501,M,108,4
29501,M,109,33
29501,M,110,11
29501,M,111,18
14280,M,102,110
14280,M,103,104
14280,M,104,54
14280,M,105,84
14280,M,106,41
14280,M,107,119
14280,M,108,92
14280,M,109,127
14280,M,110,301
14280,M,111,269
14280,M,112,94
29524,M,104,13
29524,M,105,6
29524,M,106,5
29524,M,107,5
29524,M,108,4
29524,M,109,6
29524,M,110,13
29524,M,111,20
20335,M,108,3
20335,M,109,19
15823,M,102,0
29101,M,102,4
29101,M,103,2
29101,M,104,1
29101,M,105,3
29101,M,106,3
29101,M,107,3
29101,M,108,3
29101,M,109,1
29101,M,110,2
29101,M,111,4
29101,M,112,11
29701,M,105,5
29701,M,106,6
29701,M,107,1
29701,M,108,1
29701,M,109,1
29701,M,110,3
29701,M,111,2
29701,M,112,4
20538,F,112,2
20538,F,109,6
20538,F,110,7
20538,F,111,2
29307,M,104,11
29307,M,105,13
29307,M,106,20
29307,M,103,5
20513,M,109,12
20513,M,110,2
20513,M,111,38
20702,M,112,7
20702,M,110,5
20702,M,111,13
20700,M,110,9
20700,M,111,9
20710,M,110,23
15451,M,102,1
15451,M,103,6
15451,M,104,0
15451,M,105,0
15451,M,106,0
15451,M,107,0
15451,M,108,0
15451,M,109,0
15451,M,110,0
14626,M,102,7
14626,M,103,4
14626,M,104,34
14626,M,105,44
14626,M,106,18
14626,M,107,57
14626,M,108,43
29741,M,105,12
29741,M,106,19
29741,M,107,9
29741,M,108,5
29741,M,109,13
29741,M,110,12
29741,M,111,28
29741,M,112,11
20703,M,112,112
20703,M,110,11
20703,M,111,47
29710,F,105,4
29710,F,106,14
29710,F,107,9
29710,F,108,12
29710,F,109,11
29710,F,110,12
29710,F,111,30
29710,F,112,19
20300,M,112,23
20300,M,108,2
20300,M,109,2
20300,M,110,2
20300,M,111,17
14818,,102,18
20313,F,108,1
20313,F,109,3
20313,F,110,6
20313,F,111,2
20312,M,108,9
20312,M,109,24
14627,M,104,2610
14627,M,105,1596
14627,M,102,188
14627,M,103,520
20123,M,107,2
20123,M,108,2
20123,M,109,5
20123,M,110,4
20123,M,111,7
20123,M,112,278
29728,M,105,15
29728,M,106,24
29728,M,107,11
29728,M,108,12
29728,M,109,19
29728,M,110,19
20355,M,112,20
20355,M,108,6
20355,M,109,6
20355,M,110,7
20355,M,111,-99
20745,M,110,31
20745,M,111,39
10075,M,102,13
10075,M,103,13
20963,M,112,11
20963,M,111,7
29934,M,106,14
29934,M,107,2
29934,M,108,9
10616,M,104,1
10616,M,102,5
10616,M,103,1
20707,M,112,67
20707,M,110,27
20707,M,111,25
14860,M,102,7
14860,M,103,11
14860,M,104,51
14860,M,105,28
14860,M,106,29
14860,M,107,8
14860,M,108,11
14860,M,109,36
29576,M,104,29
29576,M,105,37
29576,M,106,69
29576,M,107,92
29576,M,108,26
29576,M,109,51
29576,M,110,31
29381,M,103,15
29381,M,104,53
29381,M,105,46
29381,M,106,22
29381,M,107,81
29381,M,108,14
20716,M,110,4
20716,M,111,18
20730,M,112,89
20730,M,110,7
20730,M,111,6
20713,F,112,26
20713,F,110,8
20713,F,111,2
20732,M,110,13
20732,M,111,26
29504,F,104,4
29504,F,105,27
29504,F,106,8
29504,F,107,2
29504,F,108,19
29504,F,109,6
29504,F,110,23
29504,F,111,44
29504,F,112,31
20925,M,112,3
20925,M,111,2
20930,M,112,13
20930,M,111,2
20907,M,112,12
20907,M,111,22
14650,M,102,8
15050,M,102,42
15050,M,103,42
15050,M,104,19
15050,M,105,24
15050,M,106,30
15050,M,107,19
15050,M,108,22
15050,M,109,47
14410,M,102,1
20314,F,108,38
20314,F,109,75
20110,M,107,12
20110,M,108,16
20110,M,109,17
20110,M,110,7
20110,M,111,23
20110,M,112,23
15040,M,102,6
15040,M,103,13
20715,M,112,17
20715,M,110,5
20715,M,111,16
20733,F,112,9
20733,F,110,45
20733,F,111,15
20708,F,112,2
20708,F,110,4
20708,F,111,4
20517,M,112,12
20517,M,109,1
20517,M,110,5
20517,M,111,6
20533,M,112,21
20533,M,109,8
20533,M,110,6
20533,M,111,3
21190,M,112,12
21137,M,112,3
21185,M,112,16
20352,M,112,82
20352,M,108,11
20352,M,109,19
20352,M,110,40
20352,M,111,74
20706,M,112,17
20706,M,110,12
20706,M,111,10
95120,,102,14
13021,,102,28
20734,M,110,45
20734,M,111,50
15639,M,104,13
15639,M,105,2
15639,M,102,7
15639,M,103,4
29318,F,103,5
29318,F,104,9
29318,F,105,30
29318,F,107,32
29318,F,108,67
29318,F,109,109
29318,F,110,34
29318,F,111,53
29318,F,112,25
29382,F,104,5
29382,F,105,4
29382,F,106,8
29382,F,107,8
29382,F,103,12
20354,M,108,20
20748,M,112,41
20748,M,110,29
20748,M,111,52
14877,F,104,32
14877,F,105,108
14877,F,102,30
14877,F,103,43
29127,M,102,0
29127,M,103,-99
29127,M,104,4
29127,M,105,6
29127,M,106,9
29127,M,107,4
29127,M,108,1
29127,M,109,1
29127,M,110,11
29127,M,111,27
29127,M,112,11
15085,M,102,5
15085,M,103,10
15085,M,104,20
15085,M,105,10
15085,M,106,7
15085,M,107,11
15085,M,108,37
15085,M,109,82
15085,M,110,36
15085,M,111,90
15085,M,112,58
15621,M,102,7
15621,M,103,9
15621,M,104,17
15621,M,105,25
15621,M,106,17
15621,M,107,20
15621,M,108,18
15621,M,109,17
15621,M,110,21
15621,M,111,12
15621,M,112,27
11035,M,104,9
11035,M,102,10
11035,M,103,10
15426,M,102,0
29556,M,104,4
29556,M,105,1
29556,M,106,6
29556,M,107,4
29759,M,105,4
29759,M,106,4
29759,M,107,1
29759,M,108,9
29759,M,109,4
29759,M,110,11
29759,M,111,50
29759,M,112,49
29370,F,104,3
29370,F,105,3
29370,F,106,8
29370,F,103,0
14616,M,102,33
29740,M,105,28
29740,M,106,26
29740,M,107,53
14845,M,102,26
14837,M,102,23
14837,M,103,16
14837,M,104,15
14837,M,105,13
14837,M,106,15
14837,M,107,35
14837,M,108,20
14837,M,109,27
14837,M,110,54
8672,M,102,8
8672,M,103,9
29554,M,104,21
29554,M,105,55
29554,M,106,20
29554,M,107,22
20351,F,112,32
20351,F,108,3
20351,F,109,6
20351,F,110,9
20351,F,111,29
29303,M,103,10
20320,M,108,9
20145,M,107,2
20145,M,108,1
20145,M,109,2
20145,M,110,3
20145,M,111,2
20145,M,112,2
20134,M,107,2
20134,M,108,1
20134,M,109,2
20134,M,110,3
20134,M,111,1
20134,M,112,5
20119,M,107,11
20119,M,108,5
20119,M,109,55
20119,M,110,13
20119,M,111,45
20119,M,112,19
20508,M,112,9
20508,M,109,1
20508,M,110,3
20508,M,111,-99
20704,M,112,9
20704,M,110,3
20704,M,111,4
20720,M,112,3
20720,M,110,4
20720,M,111,2
20755,M,112,0
20755,M,110,5
20755,M,111,1
20929,M,112,2
20929,M,111,9
20926,M,112,3
20926,M,111,3
94828,M,112,10
94828,M,108,11
94828,M,109,3
94828,M,110,5
94828,M,111,9
14431,M,102,9
20902,F,111,6
20751,M,110,2
20751,M,111,7
20520,M,109,14
20520,M,110,18
20711,M,110,10
20711,M,111,15
20112,M,107,2
20112,M,108,3
20112,M,109,5
20112,M,110,16
20115,M,107,4
20115,M,108,4
20115,M,109,17
20115,M,110,21
20115,M,111,178
20333,M,112,39
20333,M,108,3
20333,M,109,7
20333,M,110,3
20333,M,111,23
20325,M,112,87
20325,M,108,8
20325,M,109,16
20325,M,110,26
20325,M,111,36
21109,M,112,0
20108,F,107,4
20108,F,108,6
20108,F,109,6
20108,F,110,15
20108,F,111,10
20108,F,112,10
20959,M,112,6
20959,M,111,6
21179,M,112,18
31101,F,112,8
21189,M,112,26
21174,M,112,1
633,M,102,24
14816,,102,4
14212,M,102,8
14212,M,103,4
20141,F,107,5
20141,F,108,4
20141,F,109,6
20141,F,110,5
29914,M,106,8
29914,M,107,3
29914,M,108,6
29914,M,110,7
29914,M,111,32
20528,M,112,21
20528,M,109,2
20528,M,110,5
20528,M,111,17
29331,M,103,5
29331,M,104,9
29331,M,105,10
29331,M,106,10
29331,M,107,29
29331,M,108,13
29331,M,109,20
29331,M,110,15
29331,M,111,21
29331,M,112,67
15410,M,102,5
15410,M,103,10
15410,M,104,14
15410,M,105,9
15410,M,106,12
15410,M,107,15
15410,M,108,8
15410,M,109,4
15410,M,110,11
15410,M,111,18
15410,M,112,14
14829,M,102,20
14829,M,103,8
14829,M,104,21
14829,M,105,29
14829,M,106,23
14829,M,107,19
1077,M,102,62
1077,M,103,80
15432,M,102,7
29398,F,103,20
29712,M,105,23
29712,M,106,21
29712,M,107,28
29517,M,104,7
29517,M,105,21
29517,M,106,25
29517,M,107,16
29517,M,108,7
29517,M,109,27
29517,M,110,35
14071,M,102,3
20136,M,107,3
20136,M,108,4
20136,M,109,6
20136,M,110,6
20136,M,111,1
20136,M,112,2
20317,M,108,8
20317,M,109,22
20317,M,110,13
20317,M,111,41
29336,M,103,9
29336,M,104,13
29336,M,105,20
29336,M,106,24
29336,M,107,6
29336,M,108,6
29336,M,109,6
29336,M,110,17
29336,M,111,14
10794,M,102,9
21166,M,112,20
2605,M,102,203
2605,M,103,124
2605,M,104,52
2605,M,105,62
2605,M,106,84
2605,M,107,105
2605,M,108,74
2605,M,109,44
2605,M,110,155
2605,M,111,82
2605,M,112,27
29702,M,105,-99
29702,M,106,9
29702,M,107,11
29702,M,108,8
29702,M,109,3
29702,M,110,2
29702,M,111,11
14608,F,102,11
20723,M,112,10
20723,M,110,20
20723,M,111,13
21135,M,112,13
21133,M,112,2
14461,M,104,45
14461,M,102,27
14461,M,103,26
29539,M,104,23
29539,M,105,17
29539,M,106,34
29539,M,107,16
29539,M,108,10
29539,M,109,5
29539,M,110,3
29539,M,111,4
29539,M,112,4
29908,M,106,13
29908,M,107,14
29908,M,108,14
29908,M,109,25
29908,M,110,47
29908,M,111,30
29908,M,112,30
29777,M,105,8
29777,M,106,5
29777,M,107,2
29777,M,108,4
29777,M,109,2
29777,M,110,4
29777,M,111,14
29777,M,112,6
29535,F,104,5
29535,F,105,6
29535,F,106,11
29535,F,107,2
29535,F,108,2
14248,M,102,16
14248,M,103,6
14248,M,104,7
14248,M,105,11
14248,M,106,21
14248,M,107,37
15052,M,102,3
15052,M,103,25
29778,F,105,20
29778,F,106,13
29778,F,107,29
29778,F,108,13
29778,F,109,17
29778,F,110,16
29778,F,111,49
29778,F,112,32
29530,,104,22
15448,F,102,33
15448,F,103,43
15448,F,104,27
15448,F,105,54
15448,F,106,21
15448,F,107,93
15448,F,108,190
15448,F,109,453
15448,F,110,1048
15448,F,111,1486
15448,F,112,674
29507,M,104,34
29507,M,105,58
15408,M,102,4
15408,M,103,27
15408,M,104,17
15408,M,105,24
15408,M,106,15
15408,M,107,19
15408,M,108,20
15408,M,109,38
29543,,104,15
29391,M,103,18
14224,M,104,15
14224,M,102,16
14224,M,103,30
14656,M,102,7
14656,M,103,12
14656,M,104,22
14656,M,105,3
14656,M,106,3
14656,M,107,5
14656,M,108,2
14656,M,109,5
14210,M,102,2
14210,M,103,33
29350,M,103,4
29350,M,104,4
29350,M,105,12
29350,M,106,24
29350,M,107,8
29350,M,108,2
29350,M,109,10
29350,M,110,5
29350,M,111,9
29550,M,104,0
29550,M,105,0
29550,M,106,0
29550,M,107,0
29550,M,108,0
29550,M,109,1
29550,M,110,0
29550,M,112,0
21159,F,112,22
29917,M,106,0
29917,M,107,0
29917,M,108,1
29773,M,105,60
29773,M,106,32
29773,M,107,13
29773,M,108,28
29773,M,109,54
29773,M,110,182
20127,M,107,9
20127,M,108,2
20127,M,109,6
20127,M,110,5
29938,M,106,3
29938,M,107,3
29938,M,108,3
29938,M,109,3
29938,M,110,5
29938,M,111,22
20143,M,107,4
20143,M,108,4
20143,M,109,3
20143,M,110,7
20143,M,111,4
20143,M,112,7
20100,M,107,8
20100,M,108,28
20100,M,109,55
20100,M,110,36
20100,M,111,27
20100,M,112,105
20315,M,108,14
20315,M,109,16
20315,M,110,14
29320,M,104,3
29320,M,105,4
29320,M,106,5
29320,M,107,3
29320,M,103,0
20518,M,112,7
20518,M,109,1
20518,M,110,3
20518,M,111,2
20304,M,112,26
20304,M,108,10
20304,M,109,1
20304,M,110,2
20304,M,111,9
15632,F,104,1
15632,F,102,10
15632,F,103,5
29553,M,104,7
29553,M,105,6
29553,M,106,3
29553,M,107,3
29553,M,108,4
29553,M,109,6
29553,M,110,15
29553,M,111,3
29553,M,112,31
21128,M,112,23
14629,M,102,57
29707,M,105,4
29707,M,106,6
29707,M,107,1
29707,M,108,12
29707,M,109,6
29707,M,110,13
29707,M,111,17
29707,M,112,36
15029,M,102,5
15029,M,103,41
15029,M,104,194
15029,M,105,117
15029,M,106,133
15029,M,107,4
15029,M,108,6
15029,M,109,7
15029,M,110,1
15029,M,111,46
15029,M,112,162
20534,F,109,19
20534,F,110,6
20525,F,112,17
20525,F,109,5
20525,F,110,6
20525,F,111,11
29546,M,104,2
29546,M,105,21
29546,M,106,6
29546,M,107,10
29546,M,108,10
29546,M,109,25
29546,M,110,31
29546,M,111,36
29546,M,112,24
14058,M,104,0
14058,M,102,1
14058,M,103,0
20103,M,107,2
20103,M,108,3
20103,M,109,6
20103,M,110,8
20103,M,111,5
20103,M,112,8
29355,M,103,2
29355,M,104,3
29355,M,105,7
29355,M,106,3
29355,M,107,18
29355,M,108,2
29355,M,109,7
29355,M,110,6
29537,M,104,11
29537,M,105,19
11058,,102,24
15422,M,102,3
15449,M,102,1
15449,M,103,3
15449,M,104,2
15449,M,105,12
15449,M,106,5
15449,M,107,15
15449,M,108,1
15449,M,109,0
15449,M,110,0
15620,M,104,17
15620,M,105,12
15620,M,102,3
15620,M,103,6
3078,,102,23
29559,M,104,4
29559,M,105,5
29559,M,106,6
29559,M,107,6
29559,M,108,2
29559,M,109,4
29559,M,110,5
29559,M,111,2
29559,M,112,5
14042,M,102,1
29341,M,103,8
29341,M,104,14
29341,M,105,41
29341,M,106,7
29341,M,107,12
29341,M,108,10
29341,M,109,20
29341,M,110,9
29341,M,111,4
29352,M,103,14
29352,M,104,13
29352,M,105,6
29352,M,106,6
29352,M,107,2
29352,M,108,4
29352,M,109,9
29352,M,110,36
29907,M,106,2
29907,M,107,1
29907,M,108,1
29907,M,109,0
29907,M,110,1
29921,M,106,8
29921,M,107,2
29921,M,108,2
29921,M,109,5
29921,M,110,5
29921,M,111,13
29921,M,112,9
20535,F,112,-99
20535,F,109,0
20535,F,110,4
20535,F,111,11
20532,M,112,4
20532,M,109,2
20532,M,110,1
20532,M,111,1
29751,M,105,7
29751,M,106,17
29751,M,107,12
29751,M,108,9
29751,M,109,12
29751,M,110,12
14873,M,102,18
14873,M,103,16
14873,M,104,13
14873,M,105,9
14873,M,106,12
14873,M,107,23
14873,M,108,65
14873,M,109,97
14873,M,110,171
14873,M,111,252
14873,M,112,160
20349,F,108,0
20349,F,109,0
20349,F,110,5
20349,F,111,27
20311,F,108,20
20311,F,109,12
20311,F,110,10
20346,M,112,65
20346,M,108,18
20346,M,109,25
20346,M,110,50
20346,M,111,31
20331,F,112,14
20331,F,108,15
20331,F,109,5
20331,F,110,8
20331,F,111,6
20530,M,112,12
20530,M,109,4
20530,M,110,2
20530,M,111,17
29363,M,104,1
29363,M,105,3
29363,M,106,4
29363,M,107,3
29363,M,103,2
20503,M,112,80
20503,M,109,24
20503,M,110,27
20503,M,111,31
20341,M,112,36
20341,M,108,69
20341,M,109,36
20341,M,110,25
20341,M,111,46
15419,M,102,0
15419,M,103,3
15419,M,104,1
15419,M,105,6
15419,M,106,7
15419,M,107,8
15419,M,108,5
15419,M,109,1
20746,M,110,5
20746,M,111,11
20133,F,107,10
20133,F,108,6
20133,F,109,17
29923,M,106,80
29923,M,107,27
29923,M,108,31
29923,M,109,37
29923,M,110,39
29923,M,111,29
29923,M,112,13
11067,M,102,0
29925,M,106,26
29925,M,107,15
29925,M,108,12
29925,M,109,23
29925,M,110,39
29925,M,111,40
29925,M,112,60
29771,M,105,3
29771,M,106,3
29771,M,107,0
29771,M,108,9
29771,M,110,4
29771,M,111,9
29928,M,106,21
29928,M,107,33
29928,M,108,33
29928,M,109,96
29928,M,110,32
29723,M,105,9
29723,M,106,12
29723,M,107,10
29723,M,108,9
29723,M,109,14
14405,M,104,7
14405,M,102,7
14405,M,103,6
20947,M,112,2
20947,M,111,3
14647,M,112,34
14647,M,109,-99
14647,M,110,11
14647,M,111,16
14875,M,102,4
14875,M,103,5
14875,M,104,11
14875,M,105,17
14875,M,106,14
14875,M,107,69
14875,M,108,38
14875,M,109,27
20910,M,112,11
20910,M,111,4
29342,M,104,13
29342,M,103,5
20114,M,107,0
20114,M,108,2
20114,M,109,4
20126,M,107,0
20126,M,108,0
20126,M,109,4
29902,M,106,1
29902,M,107,10
29902,M,108,5
20957,M,112,23
20957,M,111,93
29348,M,103,8
29348,M,104,8
29348,M,105,10
29348,M,106,13
29348,M,107,6
29348,M,108,3
29348,M,109,13
29348,M,110,28
29348,M,111,49
29348,M,112,32
29532,M,104,0
29532,M,105,0
29532,M,106,0
29532,M,107,0
29532,M,108,0
29532,M,109,0
20516,M,112,10
20516,M,109,2
20516,M,110,2
20516,M,111,6
20750,M,112,32
20750,M,110,16
20750,M,111,21
20739,M,110,13
20739,M,111,29
20756,M,112,3
20756,M,110,2
20756,M,111,6
21164,M,112,8
21116,M,112,39
21118,F,112,7
21108,M,112,7
20531,M,112,6
20531,M,109,1
20531,M,110,6
20531,M,111,2
15425,M,104,21
15425,M,102,21
15425,M,103,13
20542,M,112,1
20542,M,110,3
20542,M,111,4
14802,M,104,1
14802,M,105,2
14802,M,106,5
14802,M,102,0
14802,M,103,0
13024,M,102,13
13024,M,103,18
29774,F,105,18
29774,F,106,9
29774,F,107,8
29774,F,108,8
29774,F,109,8
29774,F,110,9
29774,F,111,17
29774,F,112,13
29919,M,106,2
29919,M,107,1
29919,M,108,0
29919,M,109,4
29919,M,110,10
29919,M,111,39
29919,M,112,31
